feature,importance
return_10d,0.14339492
return_20d,0.13081801
turnover_ratio,0.12316018
money_flow_momentum,0.121459536
volatility_20d,0.120840564
money_flow_ma5,0.12012652
volatility_5d,0.11984599
price_position,0.119534545
volatility_10d,0.119501576
money_flow_ma3,0.11688584
volatility_3d,0.11529054
ma20_bias,0.11514098
ma10_bias,0.11422472
atr_14,0.111717865
rsi_14,0.108291574
ma5_bias,0.10593948
volume_ratio,0.102699324
return_3d,0.10223404
return_5d,0.0996531
